"","Df","Sum Sq","Mean Sq","F value","Pr(>F)"
"ownership  ",6,26.6470184451758,4.44116974086263,2043.64894760554,0
"Residuals  ",80197,174.280661130801,0.00217315686535408,NA,NA
